{"prefix": {"roocs": "urn:roocs:", "provone": "http://purl.dataone.org/provone/2015/01/15/ontology#", "dcterms": "http://purl.org/dc/terms/"}, "agent": {"roocs:C3S_CDS": {"prov:type": {"$": "prov:Organization", "type": "prov:QUALIFIED_NAME"}, "prov:label": "Copernicus Climate Data Store", "dcterms:source": "https://cds.climate.copernicus.eu"}, "roocs:rook_v0.12.1": {"prov:type": {"$": "prov:SoftwareAgent", "type": "prov:QUALIFIED_NAME"}, "prov:label": "Rook", "dcterms:source": "https://github.com/roocs/rook/releases/tag/v0.12.1"}, "roocs:daops_v0.10.0": {"prov:type": {"$": "prov:SoftwareAgent", "type": "prov:QUALIFIED_NAME"}, "prov:label": "DAOPS", "dcterms:source": "https://github.com/roocs/daops/releases/tag/v0.10.0"}}, "wasAttributedTo": {"_:id1": {"prov:entity": "roocs:rook_v0.12.1", "prov:agent": "roocs:C3S_CDS"}}, "entity": {"roocs:workflow_671028af-f5e7-4762-9455-f380288f168c": {"prov:type": {"$": "provone:Workflow", "type": "prov:QUALIFIED_NAME"}}, "roocs:c3s-cmip6.ScenarioMIP.CMCC.CMCC-ESM2.ssp245.r1i1p1f1.Amon.uas.gn.v20210129": {"prov:type": {"$": "provone:Data", "type": "prov:QUALIFIED_NAME"}, "prov:label": "c3s-cmip6.ScenarioMIP.CMCC.CMCC-ESM2.ssp245.r1i1p1f1.Amon.uas.gn.v20210129"}, "roocs:uas_Amon_CMCC-ESM2_ssp245_r1i1p1f1_gn_20150116-20451216.nc": {"prov:type": {"$": "provone:Data", "type": "prov:QUALIFIED_NAME"}, "prov:label": "uas_Amon_CMCC-ESM2_ssp245_r1i1p1f1_gn_20150116-20451216.nc"}}, "activity": {"roocs:orchestrate_671028af-f5e7-4762-9455-f380288f168c": {"prov:type": {"$": "provone:Execution", "type": "prov:QUALIFIED_NAME"}, "prov:label": "orchestrate", "prov:startTime": "2023-12-07T09:59:55", "prov:endTime": "2023-12-07T09:59:56"}, "roocs:subset_uas_1_980dc633-7bf8-4263-9fb7-63dba519a98b": {"prov:type": {"$": "provone:Execution", "type": "prov:QUALIFIED_NAME"}, "prov:label": "subset_uas_1", "roocs:time": "2015/2045", "roocs:time_components": "year:2015,2016,2017,2018,2019,2020,2021,2022,2023,2024,2025,2026,2027,2028,2029,2030,2031,2032,2033,2034,2035,2036,2037,2038,2039,2040,2041,2042,2043,2044,2045|month:jan,feb,mar,apr,may,jun,jul,aug,sep,oct,nov,dec", "roocs:area": "-3.4348912,36.9578472,-1.4348912,38.9578472", "roocs:apply_fixes": false}}, "wasAssociatedWith": {"_:id2": {"prov:activity": "roocs:orchestrate_671028af-f5e7-4762-9455-f380288f168c", "prov:agent": "roocs:rook_v0.12.1", "prov:plan": "roocs:workflow_671028af-f5e7-4762-9455-f380288f168c"}, "_:id3": {"prov:activity": "roocs:subset_uas_1_980dc633-7bf8-4263-9fb7-63dba519a98b", "prov:agent": "roocs:daops_v0.10.0", "prov:plan": "roocs:workflow_671028af-f5e7-4762-9455-f380288f168c"}}, "wasDerivedFrom": {"_:id4": {"prov:generatedEntity": "roocs:uas_Amon_CMCC-ESM2_ssp245_r1i1p1f1_gn_20150116-20451216.nc", "prov:usedEntity": "roocs:c3s-cmip6.ScenarioMIP.CMCC.CMCC-ESM2.ssp245.r1i1p1f1.Amon.uas.gn.v20210129", "prov:activity": "roocs:subset_uas_1_980dc633-7bf8-4263-9fb7-63dba519a98b"}}}