{"prefix": {"roocs": "urn:roocs:", "provone": "http://purl.dataone.org/provone/2015/01/15/ontology#", "dcterms": "http://purl.org/dc/terms/"}, "agent": {"roocs:C3S_CDS": {"prov:type": {"$": "prov:Organization", "type": "prov:QUALIFIED_NAME"}, "prov:label": "Copernicus Climate Data Store", "dcterms:source": "https://cds.climate.copernicus.eu"}, "roocs:rook_v0.12.2": {"prov:type": {"$": "prov:SoftwareAgent", "type": "prov:QUALIFIED_NAME"}, "prov:label": "Rook", "dcterms:source": "https://github.com/roocs/rook/releases/tag/v0.12.2"}, "roocs:daops_v0.10.0": {"prov:type": {"$": "prov:SoftwareAgent", "type": "prov:QUALIFIED_NAME"}, "prov:label": "DAOPS", "dcterms:source": "https://github.com/roocs/daops/releases/tag/v0.10.0"}}, "wasAttributedTo": {"_:id1": {"prov:entity": "roocs:rook_v0.12.2", "prov:agent": "roocs:C3S_CDS"}}, "entity": {"roocs:workflow_de0ab171-e9be-4040-8497-fd4a5f32b80d": {"prov:type": {"$": "provone:Workflow", "type": "prov:QUALIFIED_NAME"}}, "roocs:c3s-cmip6.ScenarioMIP.EC-Earth-Consortium.EC-Earth3-CC.ssp245.r1i1p1f1.Amon.uas.gr.v20210113": {"prov:type": {"$": "provone:Data", "type": "prov:QUALIFIED_NAME"}, "prov:label": "c3s-cmip6.ScenarioMIP.EC-Earth-Consortium.EC-Earth3-CC.ssp245.r1i1p1f1.Amon.uas.gr.v20210113"}, "roocs:uas_Amon_EC-Earth3-CC_ssp245_r1i1p1f1_gr_20160116-20461216.nc": {"prov:type": {"$": "provone:Data", "type": "prov:QUALIFIED_NAME"}, "prov:label": "uas_Amon_EC-Earth3-CC_ssp245_r1i1p1f1_gr_20160116-20461216.nc"}}, "activity": {"roocs:orchestrate_de0ab171-e9be-4040-8497-fd4a5f32b80d": {"prov:type": {"$": "provone:Execution", "type": "prov:QUALIFIED_NAME"}, "prov:label": "orchestrate", "prov:startTime": "2024-01-08T13:49:00", "prov:endTime": "2024-01-08T13:49:10"}, "roocs:subset_uas_1_b4529c23-a709-4869-824b-bc1ad7ffde7a": {"prov:type": {"$": "provone:Execution", "type": "prov:QUALIFIED_NAME"}, "prov:label": "subset_uas_1", "roocs:time": "2016/2046", "roocs:time_components": "year:2016,2017,2018,2019,2020,2021,2022,2023,2024,2025,2026,2027,2028,2029,2030,2031,2032,2033,2034,2035,2036,2037,2038,2039,2040,2041,2042,2043,2044,2045,2046", "roocs:area": "-14,31,46,71", "roocs:apply_fixes": false}}, "wasAssociatedWith": {"_:id2": {"prov:activity": "roocs:orchestrate_de0ab171-e9be-4040-8497-fd4a5f32b80d", "prov:agent": "roocs:rook_v0.12.2", "prov:plan": "roocs:workflow_de0ab171-e9be-4040-8497-fd4a5f32b80d"}, "_:id3": {"prov:activity": "roocs:subset_uas_1_b4529c23-a709-4869-824b-bc1ad7ffde7a", "prov:agent": "roocs:daops_v0.10.0", "prov:plan": "roocs:workflow_de0ab171-e9be-4040-8497-fd4a5f32b80d"}}, "wasDerivedFrom": {"_:id4": {"prov:generatedEntity": "roocs:uas_Amon_EC-Earth3-CC_ssp245_r1i1p1f1_gr_20160116-20461216.nc", "prov:usedEntity": "roocs:c3s-cmip6.ScenarioMIP.EC-Earth-Consortium.EC-Earth3-CC.ssp245.r1i1p1f1.Amon.uas.gr.v20210113", "prov:activity": "roocs:subset_uas_1_b4529c23-a709-4869-824b-bc1ad7ffde7a"}}}