{"prefix": {"roocs": "urn:roocs:", "provone": "http://purl.dataone.org/provone/2015/01/15/ontology#", "dcterms": "http://purl.org/dc/terms/"}, "agent": {"roocs:C3S_CDS": {"prov:type": {"$": "prov:Organization", "type": "prov:QUALIFIED_NAME"}, "prov:label": "Copernicus Climate Data Store", "dcterms:source": "https://cds.climate.copernicus.eu"}, "roocs:rook_v0.11.0": {"prov:type": {"$": "prov:SoftwareAgent", "type": "prov:QUALIFIED_NAME"}, "prov:label": "Rook", "dcterms:source": "https://github.com/roocs/rook/releases/tag/v0.11.0"}, "roocs:daops_v0.8.1": {"prov:type": {"$": "prov:SoftwareAgent", "type": "prov:QUALIFIED_NAME"}, "prov:label": "DAOPS", "dcterms:source": "https://github.com/roocs/daops/releases/tag/v0.8.1"}}, "wasAttributedTo": {"_:id1": {"prov:entity": "roocs:rook_v0.11.0", "prov:agent": "roocs:C3S_CDS"}}, "entity": {"roocs:workflow_d867fcf7-b955-4201-a73f-29ae03feca88": {"prov:type": {"$": "provone:Workflow", "type": "prov:QUALIFIED_NAME"}}, "roocs:c3s-cmip6.ScenarioMIP.CMCC.CMCC-ESM2.ssp245.r1i1p1f1.Amon.pr.gn.v20210129": {"prov:type": {"$": "provone:Data", "type": "prov:QUALIFIED_NAME"}, "prov:label": "c3s-cmip6.ScenarioMIP.CMCC.CMCC-ESM2.ssp245.r1i1p1f1.Amon.pr.gn.v20210129"}, "roocs:pr_Amon_CMCC-ESM2_ssp245_r1i1p1f1_gn_20150116-20451216.nc": {"prov:type": {"$": "provone:Data", "type": "prov:QUALIFIED_NAME"}, "prov:label": "pr_Amon_CMCC-ESM2_ssp245_r1i1p1f1_gn_20150116-20451216.nc"}}, "activity": {"roocs:orchestrate_d867fcf7-b955-4201-a73f-29ae03feca88": {"prov:type": {"$": "provone:Execution", "type": "prov:QUALIFIED_NAME"}, "prov:label": "orchestrate", "prov:startTime": "2023-12-04T12:01:00", "prov:endTime": "2023-12-04T12:01:01"}, "roocs:subset_pr_1_44802f7a-1b05-49bf-88fb-9006602052da": {"prov:type": {"$": "provone:Execution", "type": "prov:QUALIFIED_NAME"}, "prov:label": "subset_pr_1", "roocs:time": "2015/2045", "roocs:time_components": "year:2015,2016,2017,2018,2019,2020,2021,2022,2023,2024,2025,2026,2027,2028,2029,2030,2031,2032,2033,2034,2035,2036,2037,2038,2039,2040,2041,2042,2043,2044,2045|month:jan,feb,mar,apr,may,jun,jul,aug,sep,oct,nov,dec", "roocs:area": "-3.4348912,36.9578472,-1.4348912,38.9578472", "roocs:apply_fixes": false}}, "wasAssociatedWith": {"_:id2": {"prov:activity": "roocs:orchestrate_d867fcf7-b955-4201-a73f-29ae03feca88", "prov:agent": "roocs:rook_v0.11.0", "prov:plan": "roocs:workflow_d867fcf7-b955-4201-a73f-29ae03feca88"}, "_:id3": {"prov:activity": "roocs:subset_pr_1_44802f7a-1b05-49bf-88fb-9006602052da", "prov:agent": "roocs:daops_v0.8.1", "prov:plan": "roocs:workflow_d867fcf7-b955-4201-a73f-29ae03feca88"}}, "wasDerivedFrom": {"_:id4": {"prov:generatedEntity": "roocs:pr_Amon_CMCC-ESM2_ssp245_r1i1p1f1_gn_20150116-20451216.nc", "prov:usedEntity": "roocs:c3s-cmip6.ScenarioMIP.CMCC.CMCC-ESM2.ssp245.r1i1p1f1.Amon.pr.gn.v20210129", "prov:activity": "roocs:subset_pr_1_44802f7a-1b05-49bf-88fb-9006602052da"}}}