{"prefix": {"roocs": "urn:roocs:", "provone": "http://purl.dataone.org/provone/2015/01/15/ontology#", "dcterms": "http://purl.org/dc/terms/"}, "agent": {"roocs:C3S_CDS": {"prov:type": {"$": "prov:Organization", "type": "prov:QUALIFIED_NAME"}, "prov:label": "Copernicus Climate Data Store", "dcterms:source": "https://cds.climate.copernicus.eu"}, "roocs:rook_v0.12.2": {"prov:type": {"$": "prov:SoftwareAgent", "type": "prov:QUALIFIED_NAME"}, "prov:label": "Rook", "dcterms:source": "https://github.com/roocs/rook/releases/tag/v0.12.2"}, "roocs:daops_v0.10.0": {"prov:type": {"$": "prov:SoftwareAgent", "type": "prov:QUALIFIED_NAME"}, "prov:label": "DAOPS", "dcterms:source": "https://github.com/roocs/daops/releases/tag/v0.10.0"}}, "wasAttributedTo": {"_:id1": {"prov:entity": "roocs:rook_v0.12.2", "prov:agent": "roocs:C3S_CDS"}}, "entity": {"roocs:workflow_c11c7bb7-1bbc-46e5-a958-a15bf5b06020": {"prov:type": {"$": "provone:Workflow", "type": "prov:QUALIFIED_NAME"}}, "roocs:c3s-cmip6.ScenarioMIP.EC-Earth-Consortium.EC-Earth3-CC.ssp245.r1i1p1f1.Amon.vas.gr.v20210113": {"prov:type": {"$": "provone:Data", "type": "prov:QUALIFIED_NAME"}, "prov:label": "c3s-cmip6.ScenarioMIP.EC-Earth-Consortium.EC-Earth3-CC.ssp245.r1i1p1f1.Amon.vas.gr.v20210113"}, "roocs:vas_Amon_EC-Earth3-CC_ssp245_r1i1p1f1_gr_20160116-20461216.nc": {"prov:type": {"$": "provone:Data", "type": "prov:QUALIFIED_NAME"}, "prov:label": "vas_Amon_EC-Earth3-CC_ssp245_r1i1p1f1_gr_20160116-20461216.nc"}}, "activity": {"roocs:orchestrate_c11c7bb7-1bbc-46e5-a958-a15bf5b06020": {"prov:type": {"$": "provone:Execution", "type": "prov:QUALIFIED_NAME"}, "prov:label": "orchestrate", "prov:startTime": "2023-12-18T12:12:04", "prov:endTime": "2023-12-18T12:12:12"}, "roocs:subset_vas_1_c0f779fd-3997-4f90-b71c-957ff1b6eec9": {"prov:type": {"$": "provone:Execution", "type": "prov:QUALIFIED_NAME"}, "prov:label": "subset_vas_1", "roocs:time": "2016/2046", "roocs:time_components": "year:2016,2017,2018,2019,2020,2021,2022,2023,2024,2025,2026,2027,2028,2029,2030,2031,2032,2033,2034,2035,2036,2037,2038,2039,2040,2041,2042,2043,2044,2045,2046", "roocs:area": "-3.4348912,36.9578472,-1.4348912,38.9578472", "roocs:apply_fixes": false}}, "wasAssociatedWith": {"_:id2": {"prov:activity": "roocs:orchestrate_c11c7bb7-1bbc-46e5-a958-a15bf5b06020", "prov:agent": "roocs:rook_v0.12.2", "prov:plan": "roocs:workflow_c11c7bb7-1bbc-46e5-a958-a15bf5b06020"}, "_:id3": {"prov:activity": "roocs:subset_vas_1_c0f779fd-3997-4f90-b71c-957ff1b6eec9", "prov:agent": "roocs:daops_v0.10.0", "prov:plan": "roocs:workflow_c11c7bb7-1bbc-46e5-a958-a15bf5b06020"}}, "wasDerivedFrom": {"_:id4": {"prov:generatedEntity": "roocs:vas_Amon_EC-Earth3-CC_ssp245_r1i1p1f1_gr_20160116-20461216.nc", "prov:usedEntity": "roocs:c3s-cmip6.ScenarioMIP.EC-Earth-Consortium.EC-Earth3-CC.ssp245.r1i1p1f1.Amon.vas.gr.v20210113", "prov:activity": "roocs:subset_vas_1_c0f779fd-3997-4f90-b71c-957ff1b6eec9"}}}